campaign_id,timestamp,uid,action
16,1673592223,01JF0XXK89WE3T560J3YCR952A,click
11,1627467833,01JF0XXK8B78C3JGJTATEQAVDR,share
27,1639631997,01JF0XXK8CCYYZ0C5QTG6QQ8MZ,comment
20,1598552343,01JF0XXK8D8YDQ6DT0VX4TJYPH,click
21,1622680166,01JF0XXK8E90ANMG7A9NY6ABY8,like
19,1518489861,01JF0XXK8E7NE2PG9VRKX4RHRD,click
12,1683603575,01JF0XXK8F7SJ46FQ0J50T9Q8S,click
30,1547125038,01JF0XXK8GARKPZ9QJ1236PXTW,share
16,1680944289,01JF0XXK8H3BJTHXGD48JQEE02,like
18,1632036907,01JF0XXK8JPTBCYAZFT6CQFYXF,like
26,1676187817,01JF0XXK8K6G5ZSK8D7E9F98NC,comment
29,1541969514,01JF0XXK8KN199P0E4FCPGQMK0,click
6,1683270175,01JF0XXK8MC1FM6ME3YMNQ1SWC,like
25,1675303310,01JF0XXK8MBXJAHETKN4D6D0QF,like
3,1639936054,01JF0XXK8NP856ZNZYEQTAXZA0,click
8,1589627680,01JF0XXK8NY1ZFTE4PMMVBW610,like
24,1626768316,01JF0XXK8PR62JHZJ5TG3RJAWV,like
19,1520519511,01JF0XXK8PWHBVQRAXWG4FZMF6,click
28,1560958672,01JF0XXK8QMF5FC4BP1G9HM7GG,share
3,1698265795,01JF0XXK8Q5V9H23XNW4KHYFPZ,share
23,1688327209,01JF0XXK8R3P0YMDR22XGDRYZK,
9,1691683367,01JF0XXK8RR9K73RRV6X5M847Q,share
23,1684108623,01JF0XXK8R268PK9T0HGYF9K9D,like
9,1521525423,01JF0XXK8S74BFP7FX55ZFKMC4,share
23,1634287663,01JF0XXK8TNA8TMFSSTESSJTBH,click
25,1692679875,01JF0XXK8T4D3YFYBYNMCNVWPY,like
17,1517000317,01JF0XXK8VVNZ56JNFQDXP3PKB,share
4,1642083028,01JF0XXK8VXC40YRWFCDFF2CKQ,
27,1539922862,01JF0XXK8VRYG5YGM68ERRFS4P,share
26,1700341733,01JF0XXK8W4ZVTAM7N2FQWZFND,share
21,1519796643,01JF0XXK8XJA9ZCP050NDGRBAX,click
29,1594223750,01JF0XXK8XRKKY84YJ1PWS5FDY,like
9,1567144331,01JF0XXK8YA9XA99377KEV0460,click
18,1517847241,01JF0XXK8Y9ESERPR03R55WEAS,share
20,1543372403,01JF0XXK8ZFY9N1JF5EGDT0H05,click
13,1530241812,01JF0XXK8ZVWS251DYNN0DWR7J,click
22,1698934467,01JF0XXK9026VX1BDRVYB4FTCR,share
15,1645258614,01JF0XXK91CW9KBRX0RX39THRF,comment
8,1652363684,01JF0XXK921TQPXZGAQTPD05NB,comment
9,1611446844,01JF0XXK92AY05SP038SF8Y2Q2,comment
10,1595521996,01JF0XXK92ZFMFQ111JFP7AEWQ,
12,1665487785,01JF0XXK938Z36M0NB1ASX7NEN,share
11,1626331162,01JF0XXK93GZRCQNGH0JQREBWT,
8,1692127720,01JF0XXK949PWSB08TEN9WN4TA,like
21,1670161489,01JF0XXK94XJCDN8H45T956SEZ,comment
19,1614115121,01JF0XXK95W30R10JR4WH206B6,comment
23,1626203580,01JF0XXK95SPVJVQDYM1VPZCWE,like
21,1573753627,01JF0XXK96H8480H3MPYFYAKR4,comment
5,1639827817,01JF0XXK964RP43PQRHK5AD7DZ,like
22,1662141586,01JF0XXK97P235J00YKA831X6F,share
22,1589302697,01JF0XXK972AP6ZQR3G473Y57Z,click
20,1680082715,01JF0XXK9834VBQ9SGFAM3D01J,click
26,1673709111,01JF0XXK98Q9S6R3RKPX5ZTF7T,share
6,1537386021,01JF0XXK98TQR1YB5MXJRCP212,comment
22,1587609180,01JF0XXK9AXKGTWEHKWTAG9XDQ,like
12,1666970946,01JF0XXK9BW9TAA6XAXP6KGKB5,
1,1665290930,01JF0XXK9B7A3746PCP0W7E8WX,like
1,1686111209,01JF0XXK9CAX02E1XKEAMCNXX8,click
27,1697813049,01JF0XXK9CNQSFQ6YGSRGTQ39H,share
14,1543920226,01JF0XXK9CBD80FR8SM33G3XYA,comment
16,1604125009,01JF0XXK9DECVB8FYP9X2B3BBQ,comment
18,1692769543,01JF0XXK9EMY9N49KY7EX2M9NC,share
28,1556337514,01JF0XXK9E42SEW1F10G5E7XCD,click
30,1623006370,01JF0XXK9F0MJ485105G5C8HHG,comment
19,1658406588,01JF0XXK9F4B1FH6Y4EX93A72K,
17,1673401123,01JF0XXK9GMPDYSVN8M803Z33H,share
23,1573003356,01JF0XXK9H0Q2T75SFJ8WARZYB,comment
5,1691555280,01JF0XXK9HWME24YX45QG0ZBGE,like
30,1635894816,01JF0XXK9JG28E5J0S54M3RQW4,
23,1658275894,01JF0XXK9JWH0ZN475WQJHBMTA,click
14,1527938419,01JF0XXK9JM0V739HDR6YTFE92,comment
12,1547552840,01JF0XXK9KR7F51GRSM6PRAWPT,
18,1624508615,01JF0XXK9KZH95NJ8DWTABHD6Z,click
19,1653196164,01JF0XXK9MKMWT53Q0PBQP8ZCB,share
21,1566522857,01JF0XXK9M6YGY1S4YWDWR0AP9,
9,1693325091,01JF0XXK9MZ7YPXQSEG1WKREWY,click
24,1519298569,01JF0XXK9NWCYCMCMQ8ZXE097H,
23,1553484617,01JF0XXK9NNTV2DKXBW2G2MQBV,like
30,1671240040,01JF0XXK9PTXFFP6NT1CZPGFXW,like
10,1549824262,01JF0XXK9PS6MKEJGGEV5HXTPF,click
28,1644246662,01JF0XXK9P4NGJTGJC5N5GAH63,like
11,1677116136,01JF0XXK9Q4REWQRM4Q21CYDEC,click
7,1650044544,01JF0XXK9QQXWRCEN8E5CWE4KY,like
12,1644996217,01JF0XXK9RF6FVKXE86AT50K0E,
27,1692132660,01JF0XXK9R55FRP4XVMJVR8WZG,like
17,1545766217,01JF0XXK9R3C9S1XB4KGHFS2J4,comment
27,1652406426,01JF0XXK9SANB8K0DAE4HVN4EE,comment
18,1649029319,01JF0XXK9SNHCYPTJJ7BQC8T1W,share
10,1547525460,01JF0XXK9T156RXAJPG7Q77H4Q,
11,1575837677,01JF0XXK9T41WBB6NF8G6YK6RR,like
9,1642118126,01JF0XXK9TA1D8EEGKBD5NS3TS,comment
14,1541112734,01JF0XXK9VFMXCKDBX847R72WP,share
17,1633936482,01JF0XXK9WHWSXBBZWFV6Q5610,click
30,1664850024,01JF0XXK9X8V9SGQSDNK9SEH4P,like
13,1520396310,01JF0XXK9XHJCC52JQW1N919YG,like
5,1548678855,01JF0XXK9Y7E3ATK9GX43Z2ACF,like
25,1517003158,01JF0XXK9YDBKSTGJFG66KNVBA,
13,1526809189,01JF0XXK9Z19B6EDWRZJ5H36NF,click
6,1522254736,01JF0XXK9ZVR5VWF4CZDSRSF55,like
23,1569236074,01JF0XXKA0BFN3FNGYQC0NDV5Z,comment
25,1560336702,01JF0XXKA0HMPXAGGFYDGH0QDH,
26,1566919223,01JF0XXKA05MYQWWKTX91QXZAD,click
25,1683064865,01JF0XXKA18TK8RR2J7SXAEZXZ,like
4,1515443957,01JF0XXKA1PD50THGJR2PT78TN,share
12,1683420139,01JF0XXKA1N8QBFWEECWCD7AZ9,comment
15,1648479776,01JF0XXKA2VD4HZ1WZ9C7XADRZ,
17,1677775684,01JF0XXKA2SC4CJRFEZF2KFNN4,like
29,1564970391,01JF0XXKA2R19Y6MMS5YVNS6DQ,comment
20,1700283178,01JF0XXKA38EKQ9QAT0XPJ9AAA,like
1,1531526594,01JF0XXKA3NJ641D3YXXQJ9X3Z,like
24,1586383337,01JF0XXKA4FBMKZE4ATZE12FD7,
19,1625340699,01JF0XXKA4C9R3R62Z8C54SW4K,share
2,1637579199,01JF0XXKA5Z4JB54M8ZX267PN9,comment
29,1526754140,01JF0XXKA6J840GXFWB0DW1B4F,like
5,1597384101,01JF0XXKA6F6PGWY571BZWKW9R,comment
17,1679704756,01JF0XXKA75Y7RH1HJXTE10GD4,share
24,1538254557,01JF0XXKA8CZV1A1CXXZBQ7P18,click
14,1570580604,01JF0XXKA86827R7DJ2DEAQW7T,like
22,1584029487,01JF0XXKA9GRM1SPMMEH5E6AKS,share
29,1637472342,01JF0XXKAAB13XMBQFJJFDWBK6,comment
23,1688947850,01JF0XXKAAA8Y6TNW3AV3ZY8H5,like
1,1600998781,01JF0XXKABJHDWYTP8BX2S36SH,like
11,1610998304,01JF0XXKAC17ZW4MJ147ZB5Y2C,click
3,1658585024,01JF0XXKADBBDKDPR637GNQ510,share
22,1558023342,01JF0XXKADD5T0KF7JBAR24257,like
25,1624383845,01JF0XXKAESRQ9FK25GDH1RMPV,click
14,1603723964,01JF0XXKAFK35GS0YA7MT8B35E,comment
10,1526866907,01JF0XXKAFYG58PVQ77QWY2S4N,share
18,1630335993,01JF0XXKAGQMZVT2F4NHNYMC4T,like
19,1626416380,01JF0XXKAG912GZXSTS34NEEM5,click
6,1519246574,01JF0XXKAGREA340XFTAVQGSKJ,click
23,1584694624,01JF0XXKAHYJPVGM6XMRF00VNF,click
11,1563312526,01JF0XXKAJAZE1JZNTEANEGZDS,share
8,1591040517,01JF0XXKAKRA1Z0T6T11CP3Y52,like
19,1620795832,01JF0XXKAKAYW0PF8MZG6K5R4Z,like
26,1551814106,01JF0XXKAKQ32P2SEV6D7PP2WB,click
10,1567568963,01JF0XXKAMRH5E51F9FX65WMXC,like
23,1682988415,01JF0XXKAMC58G1Q0R97D861R8,
25,1617209969,01JF0XXKANNBZTT99GKSJG7A5P,comment
16,1544625264,01JF0XXKAN38HPNB3BD9GSEJZT,like
21,1689222868,01JF0XXKANZAAVZHBGDYCZZXCC,
30,1547217821,01JF0XXKAPCQ2SN7EDEXB21TAR,click
18,1680051353,01JF0XXKAP8DMM0BMRCE94SXQ7,share
8,1691281202,01JF0XXKAPVRVF6FRJ148AZBHH,like
25,1552769042,01JF0XXKAQSA1BQR2N7CTCMM1M,click
25,1600293355,01JF0XXKAQDA12TGNX6F4SW13V,share
1,1692752206,01JF0XXKARE5VJCWAAM4QENQPE,share
26,1592420331,01JF0XXKASHE904QFW0BCS4R2K,share
9,1596871372,01JF0XXKAT9PJX9QC4B0TR1544,click
17,1535229351,01JF0XXKATZ99R2J9WTPA2ZMYZ,click
7,1673359444,01JF0XXKAV2RHY58ZENFQ3E6H2,click
26,1604346483,01JF0XXKAWNDE66P61VW3P5A38,like
27,1690416673,01JF0XXKAX3PCZQD66V2DSPB1J,like
11,1696611509,01JF0XXKAYC333X5YYN16YCJA1,like
11,1568001245,01JF0XXKAYT9P4KTCJ4NZ8GD0D,click
10,1521896062,01JF0XXKAZAGPA7VD6WQJCB55P,comment
21,1541130005,01JF0XXKAZZAM32WEDCMWX107T,
30,1551249600,01JF0XXKB02S28B7JCJMEBHYV0,like
8,1650848355,01JF0XXKB1KGVBV2BZAZ4X4CBD,share
24,1632121901,01JF0XXKB2NVWVDXN2S32N3S4D,click
1,1677189293,01JF0XXKB2MBM9S1E18G0B4G9Q,like
3,1686408160,01JF0XXKB3R2ZT8771WHSRBS15,share
19,1607449753,01JF0XXKB5XZTSRM6DF0RQFHA1,share
6,1662810747,01JF0XXKB670YF0X4KXYF71QH2,share
26,1576654671,01JF0XXKB7N7D2X8WPFX4X117Z,comment
28,1518536591,01JF0XXKB8S1ZWQR2EQ2ESXC49,comment
24,1627809292,01JF0XXKB914D5VDV54WH44CPY,share
18,1594176245,01JF0XXKBAYNKCAEZEJBK0QKE0,
7,1655545703,01JF0XXKBBKX606EYVM2GDV7NJ,click
4,1559954214,01JF0XXKBCVVXF5HYNYWZB35FE,click
26,1646516163,01JF0XXKBDBX5NXKKYP7YHGKQH,click
13,1667543116,01JF0XXKBE7XVGBNXW3SKBDK4N,comment
20,1591626454,01JF0XXKBEPY6RDDDMNZCAB8F1,comment
5,1620425015,01JF0XXKBEXDCWNMQJTHEEF425,share
8,1701629084,01JF0XXKBFRQ5BCJ1S46A74PN6,click
16,1591497164,01JF0XXKBF0EET7148104H9KQ3,
27,1530872939,01JF0XXKBGFB4785QC9962VBQA,like
27,1607247494,01JF0XXKBGCG5PVEAJ8X0M29WX,
24,1542436433,01JF0XXKBGVTPZJYKQ5GR21VX1,share
2,1528820494,01JF0XXKBHFSRYF1N9CCV7XXP6,
14,1687192453,01JF0XXKBHB5KWRFC04AHBKY7Q,click
30,1585741974,01JF0XXKBJR9TTR78HV369JEKK,like
8,1649454063,01JF0XXKBJJRQGHDGW3HBMAR7S,share
10,1694212965,01JF0XXKBK0FQE2ZS2ERWZN9HE,share
28,1693197471,01JF0XXKBM17MC814M3R7XZKWC,like
17,1690855650,01JF0XXKBNA5TQVKV7R8HJPZTQ,share
10,1593175851,01JF0XXKBPNBZ7VV8XFG4KB9X5,like
18,1607422543,01JF0XXKBPBGRE9S5AXXA20QJ9,comment
23,1695674667,01JF0XXKBPTR20D7C5VS24MXCY,comment
4,1647493309,01JF0XXKBQHKCGA1C2SVHHKDB8,comment
12,1610353580,01JF0XXKBRWD4TF77NHJ2391QG,like
16,1656512907,01JF0XXKBRD5R9B8TH4SA9BJN9,comment
11,1626813523,01JF0XXKBSEYQDM8VGPADBNSBB,
23,1674544744,01JF0XXKBSWQCSGA87SGC1W6G5,comment
20,1673600160,01JF0XXKBTH1PP4E3E60YTAMKS,share
22,1655789702,01JF0XXKBTVNN4H930VRJJD3XJ,comment
22,1641880541,01JF0XXKBT6RZSXTQW90E1ZBWT,
22,1514874455,01JF0XXKBVSA3Y3NB18MJ0J4WZ,
13,1515903916,01JF0XXKBVZS4V1AT67RG1TZBH,click
17,1574346005,01JF0XXKBVN8N1ZC8K251TDP9M,share
11,1606870668,01JF0XXKBW4N7G0XRRMFWZF0QY,
10,1660834274,01JF0XXKBWKHAFJ8N9JPV1ZJP3,share
26,1588156702,01JF0XXKBXC8RKJKKHFDW9EET9,like
18,1668477453,01JF0XXKBXBR3PFD8MX26E4Z21,share
3,1643952946,01JF0XXKBY5Q7WX4NNW29JN8Q1,like
6,1554119287,01JF0XXKBY2FGWE1XBR36DVAZE,share
6,1553679896,01JF0XXKBYWKWMXYMTDSDGCGRS,comment
11,1561386911,01JF0XXKBZAVFZF51AQ24RBM84,share
20,1577896666,01JF0XXKBZKH6Y2MDZ8712DMG4,like
19,1517242951,01JF0XXKC0ATX7TAG32BRNZ55B,share
19,1641771704,01JF0XXKC0E7BY1E86CRE06NVZ,click
5,1521253514,01JF0XXKC17VY6DAM6ASSH8Z43,share
5,1537723121,01JF0XXKC2WX6YTF419C9AYX6G,like
18,1634816644,01JF0XXKC2W9VVKJD4H9AENWT8,click
23,1655681896,01JF0XXKC2PZT0VAJSNRH84QGA,share
21,1595714983,01JF0XXKC340FM5803AC06A8GB,like
2,1577142891,01JF0XXKC308GY9J9PRS676C1G,click
15,1633104300,01JF0XXKC4BG92DN1GRKQ64J5Y,click
11,1694522349,01JF0XXKC4PKDJA2GB399BS3NK,click
9,1653459043,01JF0XXKC5Y95VVKC090KG3YVR,like
18,1683739953,01JF0XXKC5D5A2QYW0HWARW5XZ,comment
28,1699681735,01JF0XXKC6XKCGW11QYWHRSNR9,comment
7,1554788316,01JF0XXKC78XVRNMJWFJ50QQ2H,comment
12,1567349665,01JF0XXKC89JFARA02WW9C2272,comment
19,1573268794,01JF0XXKC8QP9ZE9E1R4D9A4ZE,like
7,1652875804,01JF0XXKC98D7RWJAZDDDHAC6A,like
3,1538656788,01JF0XXKC9J6NSFQXW137N3A35,like
23,1644215373,01JF0XXKCAZDZ2HB9X9XKV6PM9,share
5,1674538543,01JF0XXKCAN1T6KMYFFQYW4J5T,like
2,1553295274,01JF0XXKCBQB7ZMDY9NG8MNTSF,comment
21,1607524745,01JF0XXKCBERGN63KTZ451QJGC,
17,1528694320,01JF0XXKCCHFS2KV5901MHAH6M,
27,1608053981,01JF0XXKCC93KAWEM52J80DQ7S,comment
8,1517826716,01JF0XXKCCPKYMKN3BD9954D9S,comment
20,1559207186,01JF0XXKCDAKXJP0MJS4EBTSKQ,comment
2,1523060253,01JF0XXKCDJ0YPPCP744NP2K88,like
1,1557790585,01JF0XXKCD35XCZZQRCZYATPFT,comment
21,1566394220,01JF0XXKCED5NNE6F592T4WNRB,like
7,1654185332,01JF0XXKCESR2K9GHDYB9R3A42,click
2,1623575624,01JF0XXKCEGYQW9Z0QBV3CT2DR,comment
3,1685293927,01JF0XXKCFZH1CJ5T34TKZWFT8,
27,1692348151,01JF0XXKCFRPX0YQRXXV78W6CD,share
14,1538801926,01JF0XXKCGW7JHKVVCX3JFBTRY,click
22,1563083819,01JF0XXKCGCH0P64ERTG3KPPSA,click
25,1665322678,01JF0XXKCGWGDAN01FJ679384P,comment
10,1591342035,01JF0XXKCH93B4392ZFV8RE9GY,like
9,1670618944,01JF0XXKCHDTDVZDK74NYSQ8M0,click
14,1685392908,01JF0XXKCJ9BNC4VYTZMZW1Y0Q,like
29,1558220063,01JF0XXKCJ5X4AHA97SS7YVDQP,like
12,1548778124,01JF0XXKCJRAN3JPPHDDPJZJQ1,share
1,1594634041,01JF0XXKCKNZ4K18J1TMZ5A804,comment
28,1646917811,01JF0XXKCK33BFQW695HR3H7G5,
27,1527674412,01JF0XXKCMXMRATSKRYCWDV5QJ,share
21,1568678964,01JF0XXKCMTBAZAPSD1W2WJPZS,comment
15,1669690734,01JF0XXKCN3GSCR4T4F9VQY451,comment
4,1691575890,01JF0XXKCNB0GH5624GQ0F54NS,share
24,1580149142,01JF0XXKCPZHEQ3AM44QFGAZ79,click
16,1540941604,01JF0XXKCPP9ACAS6AVE9VSJK8,share
13,1687860280,01JF0XXKCQVHC0B1GGG7K4DBRT,share
8,1611006798,01JF0XXKCRZ07S7YJ3ENGR7SZB,click
30,1675395231,01JF0XXKCRD8EBR93V57BEERHS,comment
22,1689477366,01JF0XXKCRF9JJ42E7E9Y0TZZM,comment
22,1530554300,01JF0XXKCSSVSCB2991CT48CTY,comment
26,1660940077,01JF0XXKCTX28GRTRFG46KNRK4,like
17,1697764750,01JF0XXKCT4VHT9SGG7Q0CX7AM,comment
10,1674240644,01JF0XXKCTTR23FGJDYVVWS247,
8,1575531343,01JF0XXKCV0TA2A77MQGQH0E3R,like
24,1606705136,01JF0XXKCVVNV9AM337MJZGKE1,like
29,1515506846,01JF0XXKCWT36QWRWEFQRDTPQZ,like
9,1564229539,01JF0XXKCWM5W97YJFHB4MN8Q2,
8,1568286445,01JF0XXKCX6Z9WRKRP7Z4CECMR,like
27,1666335656,01JF0XXKCXJBAR98AA9RBDW2V1,
14,1559633588,01JF0XXKCYB2GR5DM144JX28K6,comment
24,1619620807,01JF0XXKCY6FT5J0MN9H5XTE86,comment
13,1518594516,01JF0XXKCZC0STCNMQ37J5H27B,share
15,1611079734,01JF0XXKCZPT8AYTAR933AH0EH,comment
13,1515639114,01JF0XXKD05H3D3YF3D0NXYRB3,share
2,1701447576,01JF0XXKD16V35TPEE9FNAPDXT,like
3,1519528595,01JF0XXKD1X60TDVJF50BFGC3K,share
16,1656363876,01JF0XXKD2F4HP5SEVQZE5KBWJ,share
4,1594707604,01JF0XXKD2ZMDBCVEGFCKSNZJC,comment
12,1664145041,01JF0XXKD327T96FR1E42XQ8YS,click
1,1600652096,01JF0XXKD4CHK69TSACACPAHWT,share
4,1599724464,01JF0XXKD5JKYB9AKA0DZBETJJ,click
7,1559726979,01JF0XXKD5EX5JQ8DHD2A26T44,comment
7,1668751377,01JF0XXKD6EPKQV53AW89A3JG6,like
27,1572751559,01JF0XXKD6CG2W4MQ656P9FNR0,comment
13,1667605708,01JF0XXKD7A6Z1F9AGYHM75EQ0,comment
9,1543232734,01JF0XXKD8VXRGBKFH3P0HCYWX,click
21,1529676632,01JF0XXKD9T7J0V90DV8V29C8N,share
24,1672798231,01JF0XXKDAXTE6PTKHFYX8WS71,click
26,1575518470,01JF0XXKDB76NGJ62AQ63D8CFM,click
11,1581923711,01JF0XXKDC32HJCCCC5G0BFTNJ,like
5,1533986318,01JF0XXKDDKY9DQ51XMF15ER8F,comment
15,1676731958,01JF0XXKDEWECMNSJQR6NAZ72V,share
14,1602822362,01JF0XXKDFTQQWG7P3CWTGJ5AM,
28,1695560920,01JF0XXKDGGYT3CA182N59PB2R,comment
17,1530884568,01JF0XXKDHVE8N8660P9D5S8QS,
29,1571333641,01JF0XXKDJHYYJE5E0DZYBFW1A,click
22,1562386250,01JF0XXKDK10CR7S6D6RRMXVVR,click
14,1540363771,01JF0XXKDMK1ZAY5DE9PJRKKHY,like
15,1659195630,01JF0XXKDNY5HSWK89M004ARV0,share
30,1542317229,01JF0XXKDPN13H58WPSABSR57P,click
8,1608836585,01JF0XXKDQQGM50S20VY56W4YV,click
1,1521605152,01JF0XXKDQ5RPMK3FQ6A842KNT,click
11,1592181604,01JF0XXKDR9MR1QBJEBNZQ445H,
14,1555069598,01JF0XXKDRDAX57J0PYD4TA530,like
25,1566653438,01JF0XXKDSX0KXA4RC1FGCATC0,click
1,1615853340,01JF0XXKDSMGC4YJNYMVH5NSRR,like
8,1691742013,01JF0XXKDSFVY61HQFDEP5Q9DA,comment
4,1648083247,01JF0XXKDTA5A590GAP98DZSYP,click
11,1680883493,01JF0XXKDT8C006H4529Z1QYN5,comment
10,1603502052,01JF0XXKDV7Z7N2YAV413HSAGW,like
6,1562718082,01JF0XXKDV5P43Y4TJ795XKYSP,share
24,1676371615,01JF0XXKDWCWE1VTG26E6BN99Y,click
25,1614160711,01JF0XXKDX8F1AFQ2D6MXZHBR4,click
23,1662881318,01JF0XXKDX51ZNC4N2HE6WY4XM,
25,1677889240,01JF0XXKDYMR1RCH7ZYMYNBMJY,click
15,1616663194,01JF0XXKDY4CEDJPFW3DJJG8QP,like
1,1626155539,01JF0XXKDYW65B547KV9ETBVMT,comment
7,1687739230,01JF0XXKDZ1R6F4MK5ABHHWCTF,like
5,1545472641,01JF0XXKDZ5SZ2B8W8BQJK259C,
21,1590530387,01JF0XXKE01VX8RG3WESRR4CTW,share
18,1687194737,01JF0XXKE0A1R13419NTTE1VV3,share
3,1629460915,01JF0XXKE1R4VGQE5PYTPTVC2A,share
15,1553349186,01JF0XXKE1J9VQ8MZ8GYWA28AV,click
19,1552813857,01JF0XXKE2TW3NSYQT27HR0MJB,click
17,1638965809,01JF0XXKE2B7KRJTXE2S5MV1ST,share
8,1579341427,01JF0XXKE3PZJEEYEW20W0HC3B,
28,1638544352,01JF0XXKE3GPZGFAZ9G8BDNXX7,share
8,1664469955,01JF0XXKE5MK40XAMW761PGTJT,comment
4,1635657696,01JF0XXKE6Y6VGYYCP8APNW6D2,click
23,1680558992,01JF0XXKE7AGNRJEDEA0APJXWE,share
28,1607496709,01JF0XXKE8X2KJAZ79D6AB4Y75,comment
14,1551378263,01JF0XXKE9N6M4GWS3V541ACC4,comment
22,1566749380,01JF0XXKEA42C732P500Y57QB5,share
13,1611045035,01JF0XXKEA2E56Z0Z6AMTVT1PP,click
17,1528464379,01JF0XXKEBBD0AMG56ZQ1X71X8,like
24,1649611359,01JF0XXKEBTHQEAFSR5V63K267,share
20,1684656131,01JF0XXKEC0N7A4QHPXKXZR8PX,share
24,1600731727,01JF0XXKECZCMYS17J0742FF0S,comment
2,1671667738,01JF0XXKEDXA5H4PCD0GPYDHR7,click
15,1519278419,01JF0XXKEESQ7G90GWYM36MPAH,click
6,1611502371,01JF0XXKEEK4DQXB33DCQ055TD,like
28,1517112025,01JF0XXKEFMYWMD6A0JC4D7BZ2,like
12,1559139060,01JF0XXKEFE4TKCK50P9ZNB7D3,
2,1624722071,01JF0XXKEGB545FHFNT7JX20XS,
5,1602478819,01JF0XXKEG4MWJVKCCJ78RE3KP,share
27,1698311125,01JF0XXKEHZQDFEK9VYB9A16S6,comment
21,1542771015,01JF0XXKEJR5KV02PD7JVF3BP6,like
3,1617590202,01JF0XXKEJAG82V8SDXVWD0YGW,share
5,1547560856,01JF0XXKEK2NRFNSQCPAPAHX8F,share
5,1697339527,01JF0XXKEKR66AKZV250CJNP3Q,like
10,1701903926,01JF0XXKEM6CDG2X0JXJH8739K,like
18,1521688257,01JF0XXKEN3T2TDBGC1ZXM6KGG,like
24,1635478956,01JF0XXKEPXX271VTNJXPV1TZA,comment
8,1532098306,01JF0XXKEPZ1G98A29HWGFZKGT,like
1,1663947163,01JF0XXKEQHMXQF9PCQ1G7YVSA,click
17,1683692964,01JF0XXKEQQP4455W69ZFFWY79,
28,1659394896,01JF0XXKEQ1PK5Y57A8RGDVADM,like
22,1634849131,01JF0XXKERTDBQPYZM59V8RM6S,comment
10,1514251138,01JF0XXKER1M99TA4KTCV53NJ4,click
26,1673320282,01JF0XXKES42Q9BMGJ0T0V93TA,like
18,1598042417,01JF0XXKETM86WEM2WX009JA1Q,click
12,1595486197,01JF0XXKEVNVZWPTRPKH5XHVQM,like
2,1569341821,01JF0XXKEV4MR8JT9AE3A3T8A6,comment
14,1680742495,01JF0XXKEVMT6AHB4HRB378AZ0,like
15,1614951703,01JF0XXKEW6T6MWXQX0JKRXDKN,click
22,1648684377,01JF0XXKEXVRSHH604MJ119NW8,comment
2,1691254255,01JF0XXKEY9XW90G8Z1HH692K4,like
20,1689029590,01JF0XXKEZAH2Q09F277N3H74J,
12,1596130329,01JF0XXKEZK4ET1RNGKVC4XA7T,like
9,1569164005,01JF0XXKEZ0WE2YB0948V2AM5X,comment
23,1603129281,01JF0XXKF0YCG7DRV82G1SGXX3,share
12,1533369692,01JF0XXKF1NDMZHJFDBE501AYS,like
5,1642329714,01JF0XXKF3G5CQY2TQ797A1B8T,click
20,1652849955,01JF0XXKF4DQJ6B3GB8WFCSHNZ,share
6,1527799008,01JF0XXKF51DC0SJPH2SQWFVPB,share
14,1670140812,01JF0XXKF6MMVXC57AF2N7NFGP,share
11,1658551393,01JF0XXKF7M89P03GAADYCKMMW,share
6,1602596761,01JF0XXKF8VRQKBA42SW0H38TS,comment
12,1593261112,01JF0XXKF9STD3NQF4P1RQCSWH,click
9,1542576374,01JF0XXKF98RZH70NEAAQ5JMTQ,share
20,1570207206,01JF0XXKFA2HQDSD4N4JJWD7DN,comment
2,1521958575,01JF0XXKFBV7RR0YAXPY7SBKH2,share
21,1584611878,01JF0XXKFCV4Z36TGMXZE2EAG1,like
19,1605989407,01JF0XXKFDGXBVNQCE7W4YVCDG,comment
28,1525082127,01JF0XXKFE7PM1Q3G7QMWQ553X,comment
30,1609959799,01JF0XXKFF5HPRWRSB93YB4RWG,like
29,1545921365,01JF0XXKFG05M6VRHNDP3WF11S,
20,1569906252,01JF0XXKFHWK07KGZM4GAND3BC,click
9,1701412388,01JF0XXKFJ1BX7P637JSYVD7SS,share
6,1602672814,01JF0XXKFKRRKM2TD0QWAESM5F,click
21,1626352429,01JF0XXKFMAXZRDDSVDPSC44R9,
5,1695982944,01JF0XXKFNESADHY778M1MDQ49,like
26,1609571156,01JF0XXKFNFM91PRSQ1TFQFV8E,share
17,1603876176,01JF0XXKFPHDZCV2XZVM1RA9NH,
9,1537832327,01JF0XXKFPWGC8ZR9MYP2J4SJB,share
26,1654754801,01JF0XXKFQQJDGTJG7W3YJ3ZHH,comment
5,1618588875,01JF0XXKFQEA8WBWYJ5QDE74CG,click
14,1593937944,01JF0XXKFRJRGGZ9B3RB4EPH79,click
28,1628622058,01JF0XXKFS4N5AY1SA9DK94B6F,comment
20,1653542335,01JF0XXKFTS685YTYQ14JPM0JG,click
21,1606678040,01JF0XXKFVHJ2KZBWDTBHWPAYZ,share
12,1603657423,01JF0XXKFW9R0SD83JEVJVN1M4,like
14,1633064166,01JF0XXKFXV02WA0MJYDCSZY7E,like
2,1678309371,01JF0XXKFY9EKW1QGECGECGEGD,
17,1612703097,01JF0XXKFYYDBY152GM1C7P375,click
23,1591401963,01JF0XXKFZZF7Q1E48E84WNBZK,comment
14,1558727762,01JF0XXKFZPP52KATMKRPCPXXT,comment
22,1586008950,01JF0XXKFZ1YKA1BN61B274E72,share
24,1540023712,01JF0XXKG0ZXNF4WKSTSYKVHRF,comment
30,1547194951,01JF0XXKG08N1EENYSZG5FWXEK,click
19,1614442325,01JF0XXKG19HGZHS4E9ADH3RZA,
19,1593905333,01JF0XXKG139FC34CCJQ90K3C5,
2,1557324132,01JF0XXKG23YRFSA6AHCWTDZT2,comment
28,1627236255,01JF0XXKG2JJ641PRD63CRQY43,like
11,1568041602,01JF0XXKG24RFSN5RCCM809QBD,like
12,1620753190,01JF0XXKG3SJSZJPMMGYS5P1V2,share
17,1565963848,01JF0XXKG363B1MZDM0T234XXX,share
23,1569807847,01JF0XXKG4FKT9JX44J4TWP7QZ,
7,1637884935,01JF0XXKG454VEDX16ZA53XDF1,comment
3,1607256387,01JF0XXKG444KHBCJVYWADAH7F,
11,1678032160,01JF0XXKG55JQZ612DY4MDTDCC,like
12,1587475703,01JF0XXKG524ZWTVAT2A1F6E27,share
21,1643873376,01JF0XXKG53RJ3TEV7RR4GZXRM,share
30,1561144589,01JF0XXKG6Z4CR0Z384YHX10WV,click
8,1648967225,01JF0XXKG6X1BH6DG735QHJHVE,
5,1671796973,01JF0XXKG7JPPMVN687RE64PES,
1,1539295161,01JF0XXKG774CYY0XA4X6FZMV2,share
2,1634912520,01JF0XXKG7EKN72QWRDEK01JAC,
19,1682821430,01JF0XXKG85YSTN93HET24ZSB9,like
4,1515665039,01JF0XXKG8TCC153JC8ADP7RS4,comment
14,1570720665,01JF0XXKG9A14V8G9HE7VJPVYS,share
6,1528429082,01JF0XXKG9RFCMDP7RV9T3GZG2,comment
13,1545676172,01JF0XXKG90AMYCNCE4ZEC8F31,comment
20,1518370868,01JF0XXKGA375DZ641ZF4SWA9D,
4,1554532060,01JF0XXKGAZ2CNKW9HA5PD2QQW,comment
18,1581192539,01JF0XXKGARJTQM6XC0F9DB005,click
11,1697421162,01JF0XXKGB6XP35R23H0YV73X2,share
7,1616272940,01JF0XXKGBSCS5AANZG01G1K2F,like
18,1675769009,01JF0XXKGCH93Q3RQQCB9990WT,like
14,1542057631,01JF0XXKGC2JDFX9X6JXH03NVG,share
22,1650361826,01JF0XXKGD6MJBEPZWM2CS1QN5,like
13,1558982016,01JF0XXKGDV69NMMCFZCKEXMGD,click
22,1601446003,01JF0XXKGDV6HKVSF5Y712Y3T0,
12,1541589726,01JF0XXKGE2K7RXDYMGH5ANE5Y,click
19,1666436472,01JF0XXKGE433W6XJGX9DW95MC,
9,1599035079,01JF0XXKGEPKG40H4QVRWXBEKA,comment
18,1653113027,01JF0XXKGFPD7MQZG38CRK597A,click
3,1634417447,01JF0XXKGFB9FZTJCMQX772KKF,
19,1676445067,01JF0XXKGGQZQQ7E8J7SM4DACQ,like
4,1631407370,01JF0XXKGGTZ6SBHTKPFE8NMR5,like
29,1598635691,01JF0XXKGH787FABQMQR4S2HKF,share
24,1546592826,01JF0XXKGHF0SDT63CSEFFB0Q3,share
22,1620958659,01JF0XXKGHGZB71S5D13V7K41B,like
23,1523209845,01JF0XXKGJWCF4JPJD0NGMVTVX,click
12,1546007729,01JF0XXKGJ0ZEX7WDTMCFMD7MN,click
14,1599725258,01JF0XXKGKXJDSSVYY9HCDJ5RX,comment
18,1596496819,01JF0XXKGKAR691A52NWXCPMJ2,click
11,1639505703,01JF0XXKGK4A8Q1Y9HD7QF2G9G,like
29,1642022695,01JF0XXKGMDVY2D4XQ4GP45D5Z,click
23,1553043470,01JF0XXKGMMNQQQR15S7H7J4X7,click
25,1652986457,01JF0XXKGNP63Z7HB0Q4QQMZ2A,
27,1611819249,01JF0XXKGNFP33Y146G801QF1Y,like
11,1653254044,01JF0XXKGNE41XZTPHV7A95T1G,share
1,1647555169,01JF0XXKGP6HJNWKY2BK1XQZJE,share
3,1516028998,01JF0XXKGP8QCQ5GJDVDB1F8XW,comment
15,1666252209,01JF0XXKGQ34CP5HDXWC5RJ4W1,
8,1690634335,01JF0XXKGQE6ERGSFAW4PQ6N0S,share
1,1652639894,01JF0XXKGRJYB117PA0Z6WF25M,like
13,1559615022,01JF0XXKGSDEF7P3VY5M8HYAPZ,share
2,1701654109,01JF0XXKGTADXA2CYRXGK9V229,like
8,1562337513,01JF0XXKGVNFMZEF6D9YJR2HCM,like
30,1570972313,01JF0XXKGW64952FDVSZRQDJ1A,comment
16,1545345074,01JF0XXKGXP8VSGHCQ6J2AQP7J,click
21,1523506785,01JF0XXKGYJZDGY67ZAW0JJJZT,click
30,1640341271,01JF0XXKGZVKA4ZA3K6KYPA0QR,comment
26,1554811178,01JF0XXKH0DKNG2VW71F07AYJT,like
1,1526916457,01JF0XXKH13ZVTV7497E5B7P8R,like
7,1548637292,01JF0XXKH1AJ2768HMWQDRXR1K,share
22,1571468310,01JF0XXKH21BA95HZQPQHT73XG,comment
26,1616460696,01JF0XXKH2MFHH7ZFJ45D6HG51,share
20,1608480005,01JF0XXKH3QKTD8SYRH5NTHGJK,share
1,1525113137,01JF0XXKH3PCPEM9HBSRDYYQE6,share
4,1524674640,01JF0XXKH3X4QB8P0SZ0M1JYFQ,like
15,1523579435,01JF0XXKH4PX6VQ37ZT4H3WH9W,like
26,1565332528,01JF0XXKH4GN8YNYFM78TEGVFF,
23,1534033805,01JF0XXKH5NC127XX81KFKHG33,click
9,1670588666,01JF0XXKH581GDJE9NS69ZM8ZC,
16,1638492954,01JF0XXKH6K2R3Y80ENS62SD8P,like
1,1574909878,01JF0XXKH6EG5XV07GM50GG28C,share
14,1557179698,01JF0XXKH6ZZAY1EDBSWDJ04GQ,comment
14,1644629675,01JF0XXKH7B9FZXSVVQH93RCC3,like
24,1574050192,01JF0XXKH7S1SFT4PAHP787ZE4,share
26,1599778816,01JF0XXKH8P71TZZ6H2X9AJ0BR,share
3,1583671305,01JF0XXKH80DDFJWSZTADR8VVQ,click
10,1638188700,01JF0XXKH94MSY3DXMAEPWM1M9,comment
17,1567297702,01JF0XXKH99AWE9FRQQAN3CHJ4,like
11,1660486104,01JF0XXKH9F1Q19V325Z1Z94HP,share
5,1629911034,01JF0XXKHAZ2RH8H3VNKTN8ZPS,like
3,1634194657,01JF0XXKHAQDVN44ZRW473Q16R,share
14,1677627342,01JF0XXKHBAHQRS4SVQNSV6H51,
30,1521790088,01JF0XXKHB5SH0XTZXYRMR4QVX,
24,1600464798,01JF0XXKHB70E8W6CN83MK1AEE,
8,1548563445,01JF0XXKHCR0M591SHQT8KCXXB,like
18,1681164991,01JF0XXKHCSVNSVJKWQFRJHS0R,share
6,1691773844,01JF0XXKHCJD1WJ63EDHF9GHBB,comment
11,1575560739,01JF0XXKHD43RF7KT258ESAM60,like
25,1540048751,01JF0XXKHDBQY2J4YZ0S31HFQQ,
26,1660775773,01JF0XXKHEJ056EJCHCCCWFPAN,comment
10,1644554689,01JF0XXKHEXBM46MP8VXA5465B,like
22,1518970058,01JF0XXKHEBW94YW87975SPESQ,comment
7,1599043200,01JF0XXKHF3MWJEG250AZE0798,share
17,1561666922,01JF0XXKHF9WAPZZ9E50EG8GWT,like
14,1624584494,01JF0XXKHGMA281BM0PGEG27MW,like
27,1678741100,01JF0XXKHGK7HG035HSCSN0A8N,
20,1535140846,01JF0XXKHG2WWYDTGR7AM5DHPX,like
9,1689761193,01JF0XXKHHSQV0F5CF3X5YR4CK,click
6,1608501071,01JF0XXKHHD3ZE48VDJZA5HC8K,share
2,1580740645,01JF0XXKHJDBEPKJA6037CBWT5,share
17,1670628484,01JF0XXKHJ477F5HYYRAV24X18,like
16,1614925511,01JF0XXKHKMDCN5YBA155QHPGY,click
19,1564930866,01JF0XXKHKXQHHXSJV3XXWXZJY,
29,1684242984,01JF0XXKHK1V8795CD9F4181CX,
6,1632158606,01JF0XXKHM2XTZG35KQNVG6NCT,share
15,1516177897,01JF0XXKHMB2DXE47SPJP9XJ0A,click
26,1575105816,01JF0XXKHN3R8HDA3A51X1KGPP,like
29,1624383519,01JF0XXKHNTXV5QM7Z84HA2DFP,comment
11,1549075910,01JF0XXKHNP4FDQMG8BCTKMJVE,click
7,1526985930,01JF0XXKHPRW3ZM379J30H7MK0,share
12,1701327055,01JF0XXKHPZKR65TFZ2DPBG8S4,like
12,1603322384,01JF0XXKHQDM98T1MZ4QKT8CDQ,comment
7,1679197931,01JF0XXKHQVG9DD2SK90XBYVRY,share
6,1565736865,01JF0XXKHQE9WV5A3WM6950KZC,like
16,1639605265,01JF0XXKHRDQ0XJ21P2PJY19S7,like
11,1584385115,01JF0XXKHRGSR90FE2EK8BV19P,like
25,1610073365,01JF0XXKHS15X2H70PZP1VN82E,click
25,1636139406,01JF0XXKHS6NJ01TV32FQ2ARMS,share
5,1527756132,01JF0XXKHT9MDF25WQQEHW926M,click
8,1534893913,01JF0XXKHTGPXT63H2X2T8CS45,like
5,1590813955,01JF0XXKHTARV3SPYQ6CVM95AX,click
6,1700603848,01JF0XXKHV45GZP5G9TDJGVYJD,comment
11,1520484491,01JF0XXKHVHSQVZ3FWZ7RV9GPK,click
9,1592383145,01JF0XXKHWR7QMJFV3EXP890HK,like
29,1695563698,01JF0XXKHWW6VFVZQE2NGJ7E1S,like
3,1675483157,01JF0XXKHWNY3RG2E2BVJ0SWT0,comment
22,1564788121,01JF0XXKHXM7Q01SV7KSNJ8D80,
10,1656366348,01JF0XXKHXMS284FS941X5K1RQ,like
1,1526103809,01JF0XXKHY487TCJHD2B0J5RW4,like
8,1564999374,01JF0XXKHYGGAYTVRZHJBQ1ATA,
22,1638634559,01JF0XXKHYFASGBZ2HN5J46A75,comment
27,1633233266,01JF0XXKHZ88Z2SR1RF8H4783X,share
23,1644704267,01JF0XXKHZH8NKSFK478MGPCQC,click
14,1545993138,01JF0XXKHZ9EZ5N9NHKTJ7TGH7,click
2,1620579289,01JF0XXKJ0PHYQ61PK9Z8SQW31,share
17,1689866364,01JF0XXKJ0E9EY03T62GR3G4AE,comment
1,1587323253,01JF0XXKJ1H5WJ8HJDSRNDMBAA,like
9,1686506809,01JF0XXKJ1NNHQRBR2YTFGHMT9,like
28,1530385650,01JF0XXKJ156VMY69MC183MH6P,share
18,1690746294,01JF0XXKJ26E4WGAYA4V3TY7FV,share
25,1699905576,01JF0XXKJ2CBB7BVHWK1TB3HBZ,
28,1517925792,01JF0XXKJ3MKH4PRV1NNQW7ZYC,comment
4,1644935853,01JF0XXKJ3PM0BQW6TT2STSYGG,click
21,1538779572,01JF0XXKJ3G1JBQSG0PV33SXWF,share
4,1649115602,01JF0XXKJ46486ZQ6YH4W4F17D,share
27,1552337501,01JF0XXKJ4EN1FFQEXDZZBSDWA,share
1,1523867197,01JF0XXKJ5N11FB0RRKR66F88E,click
11,1660193417,01JF0XXKJ5109B1DJHCZXYHY66,click
5,1572950780,01JF0XXKJ51C434BTDWZ2FKG2M,comment
7,1539108224,01JF0XXKJ6C3QW3PFDB4PBKHK4,comment
10,1638003807,01JF0XXKJ6SJVETR7N3S91WPGZ,like
22,1517506564,01JF0XXKJ7QQ2W0V47GKGEZVR7,click
14,1553796343,01JF0XXKJ74KJ2W5W32TESGD3B,share
22,1618954600,01JF0XXKJ8P5TWQCH8HRWK2JFV,click
10,1540810240,01JF0XXKJ8MAX6A006H2Z0G5G9,like
3,1528614875,01JF0XXKJ8TV1PHF8NBJG70DA0,like
24,1680739947,01JF0XXKJ93SG7CE7YW1W47AES,click
29,1610088022,01JF0XXKJ9XPYHYG9GY9507BRT,click
7,1700950020,01JF0XXKJATN84Q7N8WBVQ7YN8,comment
10,1650619064,01JF0XXKJA38BKYDVAQZFD0Q7Y,like
28,1657556750,01JF0XXKJBVJYMKPNJ5JPF5YV2,click
25,1662431588,01JF0XXKJBYQ8VCMFMJSQC5ZBQ,comment
20,1648427367,01JF0XXKJB4HG0FGA07XYCAEM7,share
9,1650206487,01JF0XXKJCZQGTGSPMTHWB239B,comment
4,1610995514,01JF0XXKJCPXJK2BWRBS8M5JNR,comment
8,1678142690,01JF0XXKJD3BYQ3BY42R9KK3H6,comment
28,1694944643,01JF0XXKJD4Z9RNF0XCAFV911J,share
27,1549905774,01JF0XXKJENE6YP6GATMPCBGHV,share
14,1571088787,01JF0XXKJE1FAPS729GPS69RDR,like
16,1562556235,01JF0XXKJFBGQ64SKN3G85BHGW,like
27,1657830755,01JF0XXKJFANWWY1APFV9KNW8N,comment
10,1700999262,01JF0XXKJGQQ8CFY0BGHGBCMNJ,
6,1615328294,01JF0XXKJG2NJV5SXDRVCYEGA9,comment
27,1696248834,01JF0XXKJGVH7RVHT693847N3H,share
20,1666927840,01JF0XXKJH9Q70BZVT1HKP2V0R,share
8,1641086695,01JF0XXKJHSSJFGWXF09A0423M,share
27,1522056422,01JF0XXKJHBRDA7F2FCXYEJYB5,click
22,1590164052,01JF0XXKJJZ8D4ZCGR8ND53CX0,comment
13,1535160856,01JF0XXKJJSWR2KQH911YTYNMJ,click
27,1572005542,01JF0XXKJKZK768CYYB4ESY41G,share
3,1618925311,01JF0XXKJKZFYPJK84GXMTBW1C,comment
26,1644484157,01JF0XXKJKB8RAY91S0K165B1Z,click
27,1632124350,01JF0XXKJMMCS6K9R9K00CR576,click
7,1685633284,01JF0XXKJM4NH0H225JN1D2KA0,click
5,1556056784,01JF0XXKJNXMHST14HJ57SWT78,click
24,1642788242,01JF0XXKJNYK00YEN66MYANV1S,comment
25,1555674244,01JF0XXKJNE8ZVNGNT5GMCQQQB,share
8,1536436639,01JF0XXKJPCY9SNSTAGT94STRR,share
19,1681463061,01JF0XXKJPFMJTW8JYPTQ4CNQV,comment
13,1529719722,01JF0XXKJQCTYP8SEPDNYY4HJ3,click
22,1692884168,01JF0XXKJQYS5VPJR0PHQP1K97,click
20,1675947451,01JF0XXKJQB2BKANY2ACZB3TJK,comment
25,1662040564,01JF0XXKJREKD2D99YPDEZBWB5,click
24,1664428321,01JF0XXKJS8TYARDRWFP5KSSQS,like
12,1647264008,01JF0XXKJSJWGSQZG7W7JWVV76,like
12,1624309037,01JF0XXKJTBAVSPBNY2QCMC00N,click
8,1585103326,01JF0XXKJTH67A47KZBNE4EDVE,
30,1644360270,01JF0XXKJV9AT3Y4FCDSJ8323F,click
22,1631465364,01JF0XXKJV5WZNXSPVCPWZH0H1,comment
25,1544512762,01JF0XXKJWWHM97S24SFCZ6MEY,
20,1567102488,01JF0XXKJWXNRBKD2362BSXE91,share
18,1605281996,01JF0XXKJW8SSWFS3WR5BX35KP,comment
7,1698823096,01JF0XXKJX8150YZMR24VEKGWN,click
4,1602110710,01JF0XXKJXY9Z7BZ7RCA1XXQG7,share
2,1575532314,01JF0XXKJYCJ0DFV2WABGQDFJY,share
21,1583684742,01JF0XXKJY0EHY40D8ZGQ592JB,comment
22,1530731893,01JF0XXKJYZSB45QCD35NVX7SH,
10,1621515759,01JF0XXKJZHYHVFW47GGAQX13A,comment
8,1524892131,01JF0XXKJZ5K2KDNRP52WRDN6B,comment
19,1619920063,01JF0XXKK0FKT5E6MVGWCK7NDN,click
15,1649265775,01JF0XXKK0FXJWB9BFXP1ED6P2,click
2,1592672087,01JF0XXKK1S924DCSRFZCXCZXM,
2,1547967633,01JF0XXKK1KPYNVG8X55YMJ43H,share
30,1599265177,01JF0XXKK2XPD7CATA164GECZV,share
17,1576352568,01JF0XXKK2DGDM2NH02K8C2KM3,like
26,1574428590,01JF0XXKK28HJEE55FWF6PDEWW,click
26,1681758596,01JF0XXKK3YSY4AX4QXZJV19KN,share
2,1594487428,01JF0XXKK3NS54MBJDNXXM7W9Q,share
8,1556777559,01JF0XXKK4WHSCYF7ZF68DN5ED,like
12,1561023409,01JF0XXKK4MRB772GM0NZHQ8QQ,share
8,1575626469,01JF0XXKK4T0J516X09YBKQ4XG,comment
30,1685444942,01JF0XXKK5EF3C08K7MFTRWD3F,comment
1,1606733167,01JF0XXKK59GYH9TR1T9M28ESF,comment
15,1562848375,01JF0XXKK6HCSYEAW148RY7Q8Q,
19,1603631091,01JF0XXKK69BQNMWCQ6D14ZCRN,
30,1617659920,01JF0XXKK6E5VWYJQ2N66PQD24,like
11,1663319236,01JF0XXKK7A7QN1QXKDQQA3DEA,comment
14,1630719015,01JF0XXKK7N6ACCC1EVYEK8ASY,click
25,1532830390,01JF0XXKK7SZBTM4CXKJ66HK1X,click
2,1626014285,01JF0XXKK85G16K79VPK13FP19,click
7,1684519815,01JF0XXKK85NB281K5VRJQ4N2A,share
23,1643974358,01JF0XXKK9P13HXC30EH2T9E2P,share
21,1646653795,01JF0XXKK9BS1C44R06281MWKT,share
19,1534008273,01JF0XXKK9N9D0PBZMF4FNDPR1,comment
7,1636427931,01JF0XXKKAKT9D9G82F3MFYXND,click
20,1541095678,01JF0XXKKA9Y6NQSPQFWPW5750,comment
13,1521555357,01JF0XXKKB2064MPJ3VHTZW5T9,
5,1638727999,01JF0XXKKBZPDXWSD1HKSH2Y23,share
11,1527308981,01JF0XXKKBFTTGGHXAYXJ23VH0,comment
7,1514043402,01JF0XXKKC971J623QNKHDBZJB,like
14,1656753910,01JF0XXKKCH524G7S64NYPK76S,comment
7,1563980282,01JF0XXKKCSN56EACXWPEP1XNK,like
2,1647460743,01JF0XXKKD0KRPJ55VRT23QBJY,click
28,1604343115,01JF0XXKKDSEV2AZVEKRX4G97G,like
14,1662651689,01JF0XXKKEGM867Q9XWTB9JPHJ,share
30,1550645448,01JF0XXKKEGNSKZ9RRW113WPF9,comment
12,1632390890,01JF0XXKKEVAAEE2X5KXPEMCZM,comment
16,1522562768,01JF0XXKKFZDSD7QKP7BF3WH4R,click
16,1627247785,01JF0XXKKFG9QH58AKV3XAZ7S6,like
12,1664843418,01JF0XXKKG7VFSSD8NPGY7TJ2T,click
29,1528813561,01JF0XXKKGWN35QWSB23P41HAZ,
28,1653668070,01JF0XXKKGTNJNS92KR4WC66RZ,comment
1,1570259236,01JF0XXKKHHGGFAADT82AB54PB,click
24,1554151265,01JF0XXKKH7S99BAJ5KSY5G6XF,share
25,1552697446,01JF0XXKKJG6ZFSKVW5ES35V6W,comment
14,1571225457,01JF0XXKKJV46YC6AJYE2TWDKN,click
21,1661231042,01JF0XXKKJ5TKDHRR9PDW4H8Z4,comment
6,1609544932,01JF0XXKKKTQBNWJVATPN2H6S4,comment
9,1577432931,01JF0XXKKKNRZ1YVX2VX5RDDRY,share
29,1582007216,01JF0XXKKMJPQB8ZMT6Q2JHS7N,click
25,1672265721,01JF0XXKKMSAE2EZ40WH9K29GV,click
7,1566055161,01JF0XXKKMM1QFBGDAYFBJ495M,share
11,1531065027,01JF0XXKKN1WQW2RMFDR8VG688,like
6,1516927043,01JF0XXKKND3RQ350KQ59TCDQR,
10,1610467753,01JF0XXKKPRSYX2340D52M8YYC,share
2,1528623609,01JF0XXKKP3VBQ1JV2DQS65VMS,share
19,1620114472,01JF0XXKKPB61751YJMSP6M3Q3,share
18,1540261139,01JF0XXKKQ8ZVJKJRP98JVZHP6,click
5,1691056933,01JF0XXKKQVA5VSDGYK19MQNMD,like
3,1641455344,01JF0XXKKRH1CTMMQXARR1SAK7,comment
28,1532154047,01JF0XXKKRWNW0HVRKCK71CZ77,share
29,1597682709,01JF0XXKKRJ5S4MG1DWZ3TJEDH,share
4,1571456834,01JF0XXKKSQJH926AQ7H31ETJV,click
16,1630031717,01JF0XXKKS3XKDHBW0AQTZ7TST,comment
5,1667943155,01JF0XXKKTDQG2RHFYKF3EJX1Z,comment
8,1644077048,01JF0XXKKT9QGTXGN2NW0FYD75,click
27,1659207524,01JF0XXKKT2MX9D3KC8HYRQC96,like
29,1532301269,01JF0XXKKVD1WDMG9RJKBFRH8M,click
17,1700127488,01JF0XXKKV7R2AY8W4SMJQCW8Z,like
22,1647788365,01JF0XXKKWETEWE9FFYNPQJ6P9,click
15,1634626335,01JF0XXKKWY8W0HM8BY440YARS,like
24,1692382494,01JF0XXKKXWSF19KNAP9DRGTBH,share
9,1604093184,01JF0XXKKXP5B1AYA5RHWMDBS8,like
2,1597892439,01JF0XXKKXNJ6RQSP631AS1G7B,like
15,1671117569,01JF0XXKKY21P22FNR361M97NF,click
11,1574896792,01JF0XXKKY060HGDV4T9VCZRJB,click
2,1525261887,01JF0XXKKZV1PR5X5T9Z6VG6C2,comment
6,1530315230,01JF0XXKKZRGSWB1K3W9G274F3,comment
19,1583403694,01JF0XXKM0AHYZPFRSTX72C6PZ,
11,1561986361,01JF0XXKM0VFS76B2WMZ35GF9C,share
1,1529986654,01JF0XXKM0QBJWBXG5JH227YWV,comment
25,1671433293,01JF0XXKM15DNTN1SRKFZH7VBT,comment
10,1571913419,01JF0XXKM12K8GYADZD2AFQVN7,
26,1670931881,01JF0XXKM2QYHJY0VJ9ZMF174Q,comment
23,1620258948,01JF0XXKM2JSS1W846QTVE28X6,like
7,1635113270,01JF0XXKM2ZTHY05KYWTDS2Q37,like
4,1584041037,01JF0XXKM3SY3GY19BZ1XE1BXA,click
12,1592993692,01JF0XXKM34G9R24778E39TFDN,share
14,1618236283,01JF0XXKM480TKAJ4P2FJV508A,like
27,1696499205,01JF0XXKM4GNVP3691DBMF9VZB,click
5,1641721974,01JF0XXKM41FEJGYTS4YPWFPQ4,click
12,1522088225,01JF0XXKM5Y5W9FG0KJF4X6HG4,
4,1635998530,01JF0XXKM571EQY92YGRVJRSY4,share
10,1698718232,01JF0XXKM68AWCWJG1YS0M8P2J,like
7,1515971310,01JF0XXKM6B5MDE6YZ37F37SWK,share
27,1611677357,01JF0XXKM673E9F934VP29K9TF,comment
1,1662401321,01JF0XXKM7CM1Q2GPKE8896NK7,like
23,1554364979,01JF0XXKM7393WJ5S7A3RNPB7H,click
9,1614725922,01JF0XXKM87ZCHFYVNMZRH1TWG,click
23,1562387633,01JF0XXKM8H3GMJAEYWGREFE6Z,comment
28,1566015470,01JF0XXKM850NKX8VHVJCVY2GX,like
21,1514656105,01JF0XXKM9P474YY6NKMXR64R5,comment
26,1570777509,01JF0XXKM9FH75GK83QBP11JFH,click
24,1687156269,01JF0XXKMA92DFT6AHS7FD1YVT,click
5,1604855390,01JF0XXKMAB8RSECN0XBKVQ5K3,share
7,1688053610,01JF0XXKMA13GZ4ENE19ED7J3C,like
12,1670812795,01JF0XXKMBHT8N6ATQ28CMAMQA,comment
22,1639201504,01JF0XXKMB9EN14T3AQ7TXWEBA,click
28,1534686771,01JF0XXKMCVCD5KQ0YBBBM41G0,comment
22,1656034353,01JF0XXKMCERTP0SJVHMA3QZPE,like
30,1669451554,01JF0XXKMC9XNE3XGZHX6ATEAT,click
15,1635470339,01JF0XXKMD911G42X3JW2HCZGS,share
17,1673202788,01JF0XXKMDVRKWG6F5N4VE5EC2,comment
28,1516656169,01JF0XXKMED6BTD52KQ9AD7YGV,share
30,1673915906,01JF0XXKME62DM2HH0G92BVMST,
10,1655463726,01JF0XXKME60N7K9V86YWN1BQN,click
6,1668610326,01JF0XXKMFRSK0EZ0HZ2NXTZRR,click
21,1686961707,01JF0XXKMF45H3TS9ACG3XTPSW,click
28,1689210579,01JF0XXKMG8CGYDDMRWDYV8JH2,
2,1625276993,01JF0XXKMG76PWB9V03254QX2P,comment
21,1678575966,01JF0XXKMG80GTTD4AP8P7CSMN,like
17,1645286459,01JF0XXKMHRNEK0ZBQ592T6HM0,click
10,1636020816,01JF0XXKMHE52RQCXSBJ6J42YR,comment
26,1532418498,01JF0XXKMJC5EYJ5P7XGXVQJ5F,comment
22,1524188471,01JF0XXKMJE7HKJX6W9EJ393X7,click
21,1520904607,01JF0XXKMJK2QHX5FHMVKJBPXF,comment
15,1640240836,01JF0XXKMKV0PWMYJB6NGB28J9,click
19,1686450325,01JF0XXKMK99HNF011528XVSH0,click
19,1658855939,01JF0XXKMMQSDHNFHYPJA88MSD,like
26,1652887694,01JF0XXKMMNCXBJ4A8F4KB3QE2,click
3,1523148011,01JF0XXKMM8GZ3X3M09PYTVHFQ,comment
10,1602171425,01JF0XXKMNQSRYTN1THY3Y3EC6,comment
28,1636002383,01JF0XXKMNZSP6BXYH3KDGC5SQ,
11,1671025981,01JF0XXKMN0XB85PRD52Q7HGHC,like
16,1522402157,01JF0XXKMPSF28ZACYTKW6J6SS,share
2,1604872988,01JF0XXKMP46ST187W6BVCQA22,share
30,1611472844,01JF0XXKMQ9608CS8F4RB25A2G,comment
8,1696971686,01JF0XXKMQPMGYAFCD6PQDBK98,share
20,1695122409,01JF0XXKMR2587WM572RACEES2,share
4,1658398369,01JF0XXKMRCXCWPM7X4NP72ZQ9,like
8,1653311739,01JF0XXKMREQ1DTKBTHFRG6KMF,
13,1577855060,01JF0XXKMS3DB0Y1KKGNE2EFFZ,comment
26,1698104411,01JF0XXKMSB13PKHRGVF38QXCT,
7,1657770906,01JF0XXKMSR9G37VQHFN2KTAA2,share
6,1628801066,01JF0XXKMTZJPK1ET3A6KWFDTB,click
2,1601987162,01JF0XXKMT18JPG0FA7S9J6F95,like
29,1681565683,01JF0XXKMV6B0SQ951HGA72E9T,like
8,1612384388,01JF0XXKMVTXZ912RK81BF7DZ0,click
19,1696977764,01JF0XXKMW2G6N4BMDTXKZ99VA,click
10,1694597230,01JF0XXKMWBAANQV4X9MEA9JM5,click
23,1698536130,01JF0XXKMW0E9WBY60YQ9EF8XS,share
24,1546677497,01JF0XXKMXBKQ2Q17XQH4CNQ5S,like
26,1615852476,01JF0XXKMXE7Z4MT5ZH4E35VA2,click
27,1667533463,01JF0XXKMYR54TS6M1438DTSWY,
10,1627615647,01JF0XXKMYWQ776NEE6VXQ6GJR,
30,1571259853,01JF0XXKMYGHBV13HZRAAQHT1J,share
14,1602086698,01JF0XXKMZZZ1GCM3BBD4J2F12,like
18,1621801271,01JF0XXKMZ4J2HXMFP42R79TBC,share
17,1519314493,01JF0XXKN08CC3Y8TA7W7WYSCE,share
5,1626368466,01JF0XXKN0XBXKR3XJF2QCG093,comment
9,1682813083,01JF0XXKN18E4AQ77GPRR0VH3A,like
25,1618375238,01JF0XXKN19X4V8RZFRN5NHMWD,click
20,1618439392,01JF0XXKN1MEEN8TPSRT01KK7V,share
3,1544135566,01JF0XXKN2928V22M0BET19NHA,share
19,1676466425,01JF0XXKN2GWP6W2W772E4JK7E,click
1,1607713825,01JF0XXKN3XBTJGV30595RKTN9,comment
28,1570389100,01JF0XXKN3GFG6Z1DWXE4FERHS,
14,1586081017,01JF0XXKN3XXWWP65VK4E3Q2TQ,click
7,1541873726,01JF0XXKN4VJAD7NDZN3F5W9RV,share
29,1568821644,01JF0XXKN44HWA5CFE9GPBTV43,like
2,1699515281,01JF0XXKN57APHCNHRCZ82NAX9,click
6,1515177725,01JF0XXKN5YZ7XGP45HFXVE1RM,comment
9,1702194685,01JF0XXKN50HMAD4BBBE8PNQM5,comment
5,1586623859,01JF0XXKN6SWFGFQV1ZMK440R2,like
13,1636821157,01JF0XXKN669CB7EWJ7MXX12YQ,comment
28,1702380047,01JF0XXKN7FR9BAK60BW7CJA48,like
11,1701381731,01JF0XXKN7EW9WA8AV2YKJ5AK4,like
17,1598441936,01JF0XXKN70YAY9M3DE1Z9K7AN,like
19,1638624514,01JF0XXKN8G77C972NKHSY3FPC,share
10,1598612444,01JF0XXKN8Y1TCGR4X97FNPRX8,click
20,1695209711,01JF0XXKN9BDSC5VDA4HNDRNZ7,share
15,1582921943,01JF0XXKN9YGDHNSA5R1B5QZZ1,share
22,1640902931,01JF0XXKN9EY9G9CKB784SN6B5,comment
13,1666616785,01JF0XXKNAFGR79Q6C46HYB6GC,
14,1610660979,01JF0XXKNABHARN1FAR60DV39E,comment
27,1554458061,01JF0XXKNB1VPDY14W5VSGYZGV,click
15,1587316468,01JF0XXKNBZDDYEQZ2W4G87QTJ,share
20,1654757009,01JF0XXKNBQWS96MYSKZFKV3WA,share
9,1558102632,01JF0XXKNCKDM5986WHFF0A7NT,comment
18,1560834047,01JF0XXKNCPHNC3DWAAWSC2T01,comment
18,1566289217,01JF0XXKNDCAPERNE836RHH3AF,like
1,1521270113,01JF0XXKND8RWFN0FG1BYWRXZK,click
11,1638651615,01JF0XXKNEYY9SG4JQEEWB9AAK,share
27,1521608800,01JF0XXKNEP0XVHTDT0SHYCRFB,click
7,1634771316,01JF0XXKNEMRE8AJMJ0A245356,
17,1593676404,01JF0XXKNF27X2P68G7QDNXSG2,comment
15,1655712155,01JF0XXKNFHS7S5VNPTZHE4PD4,comment
24,1682953529,01JF0XXKNFFVW9Y8KZSNYXGHB2,like
13,1607376741,01JF0XXKNGSZVYQG2S6AYD5ACN,share
6,1615288982,01JF0XXKNG50VTCYY2E461AH1F,click
23,1538752194,01JF0XXKNH84P7H4TJJP4DKXD4,
28,1644807710,01JF0XXKNHBW1VPFFY6DMED2RH,click
27,1526809380,01JF0XXKNHDTZ33P1KYFM4ESHV,comment
23,1673492539,01JF0XXKNJDMRT3DENKEMCZBA1,click
4,1547612134,01JF0XXKNJN171YHVV5EMRGT5S,like
7,1646983456,01JF0XXKNKPJC8S0KJMJSFJ6FX,share
27,1649001993,01JF0XXKNKR08B2X42H5K3PE4H,click
16,1693158475,01JF0XXKNME74AF9XQZRW6E96F,like
30,1574697953,01JF0XXKNMTQK31FBBYQN4ZEMQ,comment
18,1607874115,01JF0XXKNMNH41QNDD9NQETV5T,
2,1530240675,01JF0XXKNN2FFX4HQFBM5C44CT,click
22,1601331064,01JF0XXKNNWP3RHCYDR5WRA3YN,click
13,1701528584,01JF0XXKNN74XZHFPX7P5NQET8,click
1,1570675298,01JF0XXKNP3ZDZFA3FSGVY8C5R,share
18,1570716506,01JF0XXKNP0GTYHE4XYRBZVDX9,click
28,1688058285,01JF0XXKNQ67MRB2YV5EFTZHP8,
8,1619948149,01JF0XXKNQ5055PRYWRNMV3ES3,like
27,1678955982,01JF0XXKNQG7A327FZC659SN1H,
8,1612777512,01JF0XXKNRRYVS6N22D2TP9DJP,comment
5,1669471196,01JF0XXKNRP7XV8RFB5CSRWAS1,like
3,1654023791,01JF0XXKNSBC23GW107ESR02WP,click
21,1551662688,01JF0XXKNS6A9QVM9BWKNZAD72,share
26,1521329466,01JF0XXKNSXYP6748MB9SS3A32,share
15,1591192547,01JF0XXKNTE3JPDQQZCJJ1YZNC,like
15,1563133425,01JF0XXKNTN3QCXCJEV0NZJ6D6,
24,1682484429,01JF0XXKNV4NBQA4ZYETQZM8M7,share
16,1700368577,01JF0XXKNVQY8Q91B6Q2NVR6C9,comment
7,1637606068,01JF0XXKNWX7HNV57J26S24JK8,share
1,1576579978,01JF0XXKNWECMZYC4G0HPD7BAS,comment
18,1549973147,01JF0XXKNWRZC4S2F2VKXMWF30,click
19,1602116736,01JF0XXKNXXXDYD9XT2NAFK46Q,like
23,1660874450,01JF0XXKNXCC4WC2VREYRJA8YV,share
25,1598252857,01JF0XXKNYMPJZEYCVHE9TSQK3,comment
3,1607779383,01JF0XXKNYPP6RQGH35EPGZCBD,share
12,1526972998,01JF0XXKNZZEDYHX8VJADM93NW,share
18,1650426493,01JF0XXKNZR0MWZASD203941G5,share
11,1538968030,01JF0XXKNZH9GBVA278M1RMRHA,like
13,1682512925,01JF0XXKP0684J3WHZTABZPP41,like
9,1562553141,01JF0XXKP0038AN8K5ZNCHVWB5,like
7,1686245899,01JF0XXKP1HEQJ374SWXCCT8VX,share
5,1605764938,01JF0XXKP10F8GN3A7T8SM2MHM,
22,1526473582,01JF0XXKP28FNQ9K6WHW9WWPGS,click
10,1536443213,01JF0XXKP2V7RF0K8K56K1HXWE,share
8,1667848614,01JF0XXKP3SWWEZGR8Y2NNWMW0,share
2,1564764286,01JF0XXKP3CQZTDWRJV1T0GS36,share
30,1644624778,01JF0XXKP359QZTG9W3TGMJP3V,
6,1631164889,01JF0XXKP4X2SGEWXP3VD81MV0,like
27,1698246931,01JF0XXKP4R2DC7JQYZB4Y1E0F,share
19,1567158249,01JF0XXKP43XQ7572TBTYWASTF,comment
6,1632037204,01JF0XXKP5TP750HPVV6T6Y9SZ,like
22,1606452069,01JF0XXKP53B5A025W3EQ91RTX,comment
6,1680649460,01JF0XXKP65CYRGGQ5S810C7JF,comment
15,1630528770,01JF0XXKP69BM8D6NTC2X49N57,like
22,1557809988,01JF0XXKP6RJHDBDMGTQYPMVPV,
16,1685076803,01JF0XXKP7PN7D1YFB025Q6KGD,click
22,1693518802,01JF0XXKP7H0NAX5WW0E915DK9,like
19,1676229408,01JF0XXKP8GMN47B24GQ5N8AV7,like
1,1664372509,01JF0XXKP8R6KVPYDH5DMMD45G,share
9,1627431379,01JF0XXKP88GTFPKE5ZTGSXZD2,comment
17,1667780244,01JF0XXKP9C5D67G9BPBX37WXA,comment
6,1626119068,01JF0XXKP91P6XS7Z8AYVWGPH6,share
15,1659295043,01JF0XXKPA02YDHDD3YEQT2XDY,share
13,1686035423,01JF0XXKPAHTWFW7R302ZRV5XX,share
16,1628809928,01JF0XXKPAXQNN3Z6CV2JCBDMP,share
21,1632096191,01JF0XXKPBFW86DHNPYQTT9XMH,click
22,1626671943,01JF0XXKPBZ2XBJAP38DCBW0H6,like
5,1681377718,01JF0XXKPC9AKHVXS6Y3S0GJJQ,like
6,1544672299,01JF0XXKPCJBXG0YT90RTQJZWP,
10,1610463634,01JF0XXKPCXNSM2TBMNNMBT9YX,click
3,1636683708,01JF0XXKPDXQCQRB7QW3F0VER8,like
10,1541619589,01JF0XXKPDWD68ZNXSTT1PTP4N,share
8,1677833059,01JF0XXKPE0KV0N8R991NGR28H,share
22,1631392611,01JF0XXKPEZNMXSMD4S8TNEY8B,share
6,1618823359,01JF0XXKPEXG9P1RGQ5AH9G75T,comment
12,1589220219,01JF0XXKPFD7AXQC3DTBGQHZ3S,comment
10,1628276395,01JF0XXKPF7ZATSR2MXBGWFT01,like
4,1651261081,01JF0XXKPGSADD1RN7CWTSB869,like
4,1665091298,01JF0XXKPGW0TA13T7D56A3KE4,comment
5,1588371506,01JF0XXKPGCQGFDQYBJGCVPH2N,
8,1517186220,01JF0XXKPHT4EPKBK45BRGXX21,like
22,1673355825,01JF0XXKPHRTH3PC755XC0QTP3,like
11,1661757833,01JF0XXKPJ1QVZJWNK295ZVWKB,share
17,1695550535,01JF0XXKPJE1AX3CSQYWSBGTCX,like
5,1651109565,01JF0XXKPJAV9PW2DCCXTRKF79,comment
3,1556248256,01JF0XXKPKW0JFVA98B4VGRJSE,click
25,1521280020,01JF0XXKPKPFC3CPVT5PARGJCC,like
8,1612213654,01JF0XXKPMZN3NAEB6R4D33PFE,
27,1702162629,01JF0XXKPMD40T5VC5VVEV1M3E,share
26,1519363357,01JF0XXKPMC0RZKS4GTWBYEK3Y,like
27,1560029465,01JF0XXKPNAFKBTWN53ZP79KPS,share
8,1535391203,01JF0XXKPNMW0FE9ZH1QW35XQ8,click
6,1607809236,01JF0XXKPPDJDSZKMJSVA7A4EW,
26,1526485729,01JF0XXKPP59DXZ01FSP5TDRTC,comment
22,1569592058,01JF0XXKPPJPH5ZMJDCS5GS9W8,comment
24,1524691928,01JF0XXKPQHHXKDTQG3Y2WKA8Q,click
8,1586306124,01JF0XXKPQ7DQDJ211BP4ZWVF6,like
17,1637416612,01JF0XXKPRDF3BTVH3KE4SKDJ8,share
2,1583933169,01JF0XXKPRN8QYFA3EYE4JY1CX,share
27,1580803936,01JF0XXKPR21DQHK940KTCM69T,share
3,1632457352,01JF0XXKPS18EN7HQ06V875EXZ,click
15,1546206276,01JF0XXKPSW82DNQVW8D8DA7AH,click
17,1669901453,01JF0XXKPTSKPAMRBZQEFMHV2B,like
27,1605606457,01JF0XXKPTDR2TYRJNS24XZAAG,share
12,1515877000,01JF0XXKPTTN4V8K86K97Z1T5S,comment
17,1604574911,01JF0XXKPV3KHKP3P933NGTF6E,share
20,1647605343,01JF0XXKPVWSGSX3YWD5T12ZV2,share
14,1591283025,01JF0XXKPW5ZG7J9QV0PNHM12D,click
26,1628078133,01JF0XXKPW2J8ZW0QXW8SV84CB,comment
18,1671537359,01JF0XXKPWH6MAM8P2BJEQN3FC,
4,1660517244,01JF0XXKPXHVRA1SX4RAK9S3DX,like
28,1671609062,01JF0XXKPXF511BMBXK2MZPC3T,comment
7,1559035260,01JF0XXKPYZ9VXMC7BAS18WCVC,share
12,1599399748,01JF0XXKPY96JY5D5R1A5Q2ECW,like
15,1624437803,01JF0XXKPYGQ5CNWS806KMR2H8,click
16,1514142865,01JF0XXKPZP3ZHC8J3RVCRD45F,like
11,1683523412,01JF0XXKPZGJNB31GQ3SNMG3B8,comment
17,1620406551,01JF0XXKQ0HQX03WNCH9YX4AD8,share
3,1661705414,01JF0XXKQ094E4FVNKKXXHVJ4N,
11,1597835100,01JF0XXKQ0G8K1MPAFPJEKPBB2,click
13,1699671188,01JF0XXKQ1CFH8R518Q3S4XJXA,
3,1630495982,01JF0XXKQ1W30581VZ0ATS05RX,
4,1545489898,01JF0XXKQ22BF02KMBP5EWMJ8S,like
3,1534934376,01JF0XXKQ2M7ME2HH7R7HRW9NQ,like
23,1625979722,01JF0XXKQ3RVPA3AH5T2A9Q0YH,comment
6,1685367954,01JF0XXKQ3CF04K3SZ6N7HFPQ1,share
4,1517225298,01JF0XXKQ4K3ZZC45BWBG4EADS,like
15,1657254493,01JF0XXKQ55DEAE4JA27PV59FB,
10,1588692156,01JF0XXKQ5VMHA8A7KRT4WQQ17,click
4,1541570785,01JF0XXKQ5MT5T20M6W5Z4VAJ9,comment
29,1546822525,01JF0XXKQ6F1TB9J21NBYH1P40,like
26,1598907282,01JF0XXKQ6KKVEZSBNB80X371R,like
11,1579479458,01JF0XXKQ75TZ275T17HT44NYN,click
25,1603021293,01JF0XXKQ727CBJ7MT2HE874YE,like
9,1669711725,01JF0XXKQ8964QMEGKXY078CQA,click
8,1604019316,01JF0XXKQ8WJ1N2WF994SECSYA,click
13,1618677920,01JF0XXKQ84QADSKRWT5DW35PK,comment
19,1572005909,01JF0XXKQ9F05QVEYCG2KXAT3H,click
23,1598448936,01JF0XXKQ94D7KZJMV2FVJXF9N,click
9,1640037718,01JF0XXKQAVSC80WXHJTQZPVT3,click
21,1583027850,01JF0XXKQAFWW801GD2TCST384,comment
28,1684498780,01JF0XXKQBVAXE9JAR88H2XBYZ,
3,1559282493,01JF0XXKQBWAYDTX8A3CC45E9F,comment
6,1654500221,01JF0XXKQCAFP3FDT1JQR94D9P,comment
1,1583420981,01JF0XXKQCAKYJ4Z4PM5R3GQNE,like
4,1552275430,01JF0XXKQCRWFVY4C6XKYACYFD,like
11,1559783350,01JF0XXKQDJ9B79SS13F661CNY,like
24,1689261231,01JF0XXKQDF88254CT04J1E5JT,like
1,1656374821,01JF0XXKQE72ZF4XSXNRSNQ7MM,click
1,1570103606,01JF0XXKQEGGXFJGKZQK7YC8X5,click
12,1555906720,01JF0XXKQESM3W07W0JXXBBSG9,comment
1,1552699217,01JF0XXKQFD3NR7WJG1C8K36QG,comment
25,1524248800,01JF0XXKQFAVWAZA962ZNX6PGA,comment
19,1683802223,01JF0XXKQGTZ4TRH54S5MXQPYC,click
11,1664361679,01JF0XXKQHR9YBB6BS2RXHXZ00,comment
15,1690975189,01JF0XXKQH4HYMD4FEQNGYR3ST,comment
27,1527211651,01JF0XXKQJFWHZZFM079TR2GPB,share
19,1514651323,01JF0XXKQJGT43C0WPZMS0GX5Z,click
27,1638522141,01JF0XXKQKXAFZAZC5XK9G2FC7,click
22,1655714404,01JF0XXKQKZ8Q8ZC8JJCFXWSJP,like
4,1642266956,01JF0XXKQM6FV9T5FNR1GNQRP4,share
18,1676141592,01JF0XXKQN00ZNZRQZ6FFRAPNG,share
6,1691265161,01JF0XXKQN60GDCBBRAPJKXBAM,share
12,1611501744,01JF0XXKQPRRPKHTSXZ5C5F6Z2,comment
3,1517544221,01JF0XXKQPS2PA7XTH3E0KHYWF,comment
10,1541585432,01JF0XXKQQXCRY4S4P32B2DPXY,
12,1649780523,01JF0XXKQQM71WTPW0EWP3V15G,share
11,1571078775,01JF0XXKQQRV4F1Y9FPE8FDSWZ,like
18,1535722876,01JF0XXKQRVYKQ3EHA9VYVW52G,like
1,1533025387,01JF0XXKQRQF94K5G02BQG431A,click
